url,status
https://WWW.DATONICS.COM,True
https://WWW.MULTIMEDIALISTS.COM,True
https://Www.liftbasedata.com,True
https://www.01advertising.com,True
https://www.33across.com/,True
https://www.33mileradius.com,True
https://www.360mediadirect.com,True
https://www.4-Eyes.ai,True
https://www.5x5coop.com/,True
https://www.6sense.com/,True
https://www.Aristotle.com,True
https://www.Bombora.com,True
https://www.Datanyze.com,True
https://www.Dresdendirect.com,True
https://www.Fraiser.org,True
https://www.Intalytics.com,True
https://www.KBSynergy.com,False
https://www.L2-data.com,True
https://www.LGAds.tv,True
https://www.Marriott.com,True
https://www.Realintent.co,True
https://www.Traackr.com,True
https://www.Wiland.com/privacy-choices,True
https://www.Zoominfo.com,True
https://www.abovedata.io,True
https://www.acbj.com,True
https://www.accurateappend.com/,True
https://www.achcoop.com,True
https://www.acxiom.com/,True
https://www.adara.com,True
https://www.adept-id.com/,True
https://www.adsquare.com/,True
https://www.adstradata.com/,True
https://www.affinity.solutions,True
https://www.affinityanswers.com,True
https://www.agedleadstore.com,True
https://www.agrmarketingsolutions.com,True
https://www.aidentified.com,True
https://www.alescodata.com,True
https://www.alikeaudience.com/,True
https://www.alliantinsight.com/,True
https://www.altairdata.com,True
https://www.amplemarket.com,True
https://www.analytics-iq.com,True
https://www.anchorcomputer.com/,True
https://www.andrewswharton.com,True
https://www.anteriad.com/,True
https://www.apollo.io,True
https://www.apollointeractive.com/,True
https://www.appscience.ai/,True
https://www.astoriacompany.com,True
https://www.atdata.com,True
https://www.attribits.com,True
https://www.audienceacuity.com/,True
https://www.audigent.com,True
https://www.autoweb.com,True
https://www.awl.com,True
https://www.azerion.com,True
https://www.azira.com/,True
https://www.bbdirect.com/,True
https://www.bdex.com/,True
https://www.bdo.com/do-not-sell-my-personal-information,True
https://www.beenverified.com,True
https://www.beeswax.com/,True
https://www.belardiwong.com/,True
https://www.big-village.com,True
https://www.bigdbm.com/,True
https://www.biointelli.com,True
https://www.blackbaud.com,True
https://www.blackpearl.com,True
https://www.blis.com,True
https://www.bookyourdata.com,True
https://www.brandwatch.com/,True
https://www.bridg.com,True
https://www.brightcheck.com/,True
https://www.brooksim.com/,True
https://www.buildertrend.com/,True
https://www.buxtonco.com,True
https://www.buyerlink.com,True
https://www.cadent.tv,True
https://www.captifytechnologies.com/,True
https://www.careerbuilder.com,True
https://www.carmarketsolutions.com,True
https://www.carneydirect.com,True
https://www.catalina.com,True
https://www.catalist.us,True
https://www.cdkglobal.com,True
https://www.cengage.com,True
https://www.censia.com,True
https://www.checkpeople.com/,True
https://www.checksecrets.com--peoplesearchUSA.org--inmatesearcher.com--sealedrecords.net,False
https://www.choreograph.com/,True
https://www.cision.com,True
https://www.citydata.ai,False
https://www.civisanalytics.com/,True
https://www.claritas.com,True
https://www.clay.com,True
https://www.clearcompany.com,True
https://www.clearview.ai/,True
https://www.clickagy.com/,True
https://www.clientcommand.com,True
https://www.cognism.com,True
https://www.collectivedata.io/,True
https://www.completemailinglists.com,True
https://www.completemedicallists.com/,True
https://www.comscore.com,True
https://www.connectedinvestors.com,True
https://www.connextdigital.com,True
https://www.contacts411.com,True
https://www.convex.com/,True
https://www.corp.narvar.com/,False
https://www.costar.com,True
https://www.crawlbee.com/,False
https://www.crexi.com,True
https://www.crosspixel.met,False
https://www.crunchbase.com/,True
https://www.cuebiq.com,True
https://www.data-axle.com,True
https://www.dataaxlenonprofit.com/donorbase,True
https://www.datadecisionsgroup.com,True
https://www.datadelivers.com/,True
https://www.datafy.com,True
https://www.datalinedata.com,True
https://www.datapartners.com,False
https://www.dataskip.io,True
https://www.datasys.com,True
https://www.date-detective.app,True
https://www.dealersocket.com/,True
https://www.dealerx.com,True
https://www.decide.co,True
https://www.decisionlinks.com/,True
https://www.deeprootanalytics.com,True
https://www.deepsync.com/,True
https://www.deepsync.com/accudata/,True
https://www.deepsync.com/homedata/,True
https://www.deepsync.com/student-marketing-data/,True
https://www.definitivehc.com,True
https://www.delivr.ai/,True
https://www.deloitte.com,True
https://www.demandbase.com,True
https://www.demandscience.com,True
https://www.demyst.com,True
https://www.diablomedia.com/,True
https://www.dice.com,True
https://www.digitalmediasolutions.com,True
https://www.digitalvikingmedia.com,True
https://www.disconetwork.com/,True
https://www.disqus.com,True
https://www.dnb.com/,True
https://www.dspolitical.com/,True
https://www.dstillery.com,True
https://www.dtn.com,True
https://www.eab.com,True
https://www.edvisors.com,True
https://www.ekata.com,True
https://www.eltoro.com,True
https://www.emailindustries.com/,True
https://www.enformion.com,True
https://www.enigma.com,True
https://www.eprodirect.com,True
https://www.epsilon.com,True
https://www.equifax.com,True
https://www.erepublic.com,True
https://www.esiteanalytics.com,True
https://www.evorra.com,True
https://www.evs7.com,True
https://www.exactcustomer.com,True
https://www.exactdata.com,True
https://www.exlservice.com,True
https://www.experian.com,True
https://www.experian.com/healthcare/,True
https://www.exploreatlas.io/,True
https://www.explorium.ai,True
https://www.eyeota.com,True
https://www.familytreenow.com,True
https://www.famousbirthdays.com,True
https://www.faraday.ai/,True
https://www.fastpeoplesearch.com,True
https://www.fideo.ai,True
https://www.fifty.io,True
https://www.findem.ai/,True
https://www.finsum.com,True
https://www.finthrive.com,True
https://www.firstdirectmarketing.com,True
https://www.firstorion.com,True
https://www.flashintel.ai/,True
https://www.focus-usa.com,True
https://www.forager.ai,True
https://www.forddirect.com,True
https://www.forewarn.com/,True
https://www.fourleafdata.com,True
https://www.fourthwall.tv,True
https://www.freepeoplesearch.com/,True
https://www.freewheel.com/,True
https://www.fusable.com,True
https://www.fushiamedia.com,True
https://www.fusion92.com/,True
https://www.getrev.ai,True
https://www.giantpartners.com,True
https://www.grassrootsanalytics.com/,True
https://www.grayhairsoftware.com/,True
https://www.greatlakeslists.com/,True
https://www.greenwich.com/,True
https://www.grin.co/,True
https://www.groundtruth.com,True
https://www.growbots.com,True
https://www.healthcare.com,True
https://www.healthlinkdimensions.com,True
https://www.healthwisedata.com,True
https://www.heartbeat.ai,True
https://www.helixcampaigns.com/,True
https://www.hightouch.com,True
https://www.hireez.com,True
https://www.hivestack.com,True
https://www.https://spycloud.com,False
https://www.hubspot.com/,True
https://www.hunter.io,True
https://www.i-360.com/,True
https://www.id5.io/,True
https://www.idatabasesolutions.com,True
https://www.ididata.com/,True
https://www.idm.us.com/,True
https://www.ileads.com,True
https://www.inboundinsight.com,True
https://www.infillion.com,True
https://www.infopay.com,True
https://www.informa.com/,True
https://www.information.com/,True
https://www.inmarket.com,True
https://www.instantcheckmate.com,True
https://www.instantly.ai,True
https://www.intelius.com,True
https://www.intentiq.com/,True
https://www.intentsify.io/,True
https://www.internetbrands.com,True
https://www.ipapi.co/,True
https://www.iqviadigital.com/,True
https://www.irys.us/,True
https://www.ispot.tv/,True
https://www.issgovernance.com,True
https://www.issmarketintelligence.com/,True
https://www.jdmlistservices.com,True
https://www.jdpower.com,True
https://www.jigyasaanalytics.com,True
https://www.jmr-media.com,True
https://www.jungroup.com,True
https://www.kargo.com,True
https://www.keymarketingadvantage.com,True
https://www.keywordconnects.com,True
https://www.kidslivesafe.com,True
https://www.kindsight.io/privacy-policy/,True
https://www.knowertech.com/,True
https://www.koddi.com,True
https://www.komodohealth.com,True
https://www.kontextdata.com,False
https://www.lead411.com,True
https://www.leadiq.com,True
https://www.leadmemedia.com,True
https://www.leadpost.com,True
https://www.leadsmarket.com,True
https://www.leadspace.com,True
https://www.leidosiq.com/,True
https://www.lexisnexis.com/en-us,True
https://www.lightcast.io,True
https://www.lionsharemarketing.com,True
https://www.livedatatechnologies.com/,True
https://www.liveintent.com,True
https://www.liveramp.com,True
https://www.lizdev.com,True
https://www.locatesmarter.com,True
https://www.location.foursquare.com/,False
https://www.lookify.io,True
https://www.loopme.com,True
https://www.lotame.com,True
https://www.lsmapps.com/,True
https://www.lusha.com,True
https://www.m1-data.com,True
https://www.madhive.com,True
https://www.magnite.com,True
https://www.mailinglists.com,True
https://www.malvernmedia.com,True
https://www.marketforcecorp.com/,True
https://www.marketing.verisk.com,False
https://www.marketops.com,True
https://www.matchbookdata.com/,True
https://www.maxmind.com,True
https://www.media.net,True
https://www.mediaocean.com/,True
https://www.mediawallah.com,True
https://www.medprosystems.com,True
https://www.melissa.com/,True
https://www.meltwater.com,True
https://www.merkle.com,True
https://www.messagedigital.com,True
https://www.missionwired.com,True
https://www.mobilewalla.com/,True
https://www.modfxlabs.com,True
https://www.mogean.com,True
https://www.monevo.com,True
https://www.monitorbase.com/,True
https://www.moodys.com,True
https://www.mrss.com,True
https://www.mylife.com/,True
https://www.n-focus.com,True
https://www.namericanmedia.com,True
https://www.nationalopinioninstitute.com/,True
https://www.nativo.com/,True
https://www.ncsolutions.com/,True
https://www.netwisedata.com,True
https://www.nextroll.com/,True
https://www.nexxen.com,True
https://www.nielsen.com/,True
https://www.nuwber.com/,True
https://www.omginc.xyz,True
https://www.onaudience.com,True
https://www.oncoreleads.com,True
https://www.onspotdata.com,True
https://www.opensend.com/,True
https://www.openx.com/,True
https://www.outbrain.com/,True
https://www.outlogic.io/,True
https://www.outwardmedia.com,True
https://www.owneriq.com/,False
https://www.pacificeast.com,True
https://www.paramountdirectmarketing.com,True
https://www.path2response.com,True
https://www.peolplewhiz.com,False
https://www.peopledatalabs.com/,True
https://www.peoplefinders.com,True
https://www.peoplefindersdaas.com,True
https://www.peoplesearcher.com--secretinfo.org,False
https://www.pipl.com,True
https://www.pitchbook.com/,True
https://www.placeexchange.com,True
https://www.plungedigital.com/,True
https://www.pmg.com,True
https://www.popacta.com,True
https://www.porchgroupmedia.com,True
https://www.possiblenow.com,True
https://www.postie.com,True
https://www.postpilot.com,True
https://www.precisely.com,True
https://www.predactiv.com,True
https://www.preqin.com/,True
https://www.privaterecords.net,True
https://www.privatereports.com--mugshotlook.com--publicsearcher.com,False
https://www.privco.com,True
https://www.prodpro.com/,True
https://www.propertyradar.com,True
https://www.propertyreach.com,True
https://www.publicdatacheck.com,True
https://www.publicinfoservices.com,True
https://www.pubmatic.com/,True
https://www.pulsepoint.com/,True
https://www.purecars.com,True
https://www.pwc.com/us,True
https://www.quad.com,True
https://www.quadrant.io/,True
https://www.qualfon.com,True
https://www.rampedup.io,True
https://www.rayinsights.com,True
https://www.realeflow.com,True
https://www.realsourcedata.com,True
https://www.realtors.minervadata.xyz/,False
https://www.recruitbot.com,True
https://www.redidata.com,True
https://www.redmob.io/,True
https://www.reklaimyours.com/,True
https://www.remodeling.com,True
https://www.resonate.com,True
https://www.retention.com,True
https://www.revcontent.com,True
https://www.revealmobile.com/,True
https://www.reveliolabs.com,True
https://www.revoptimal.com/,True
https://www.richmediallc.com,True
https://www.risk.lexisnexis.com/,True
https://www.rocketreach.co,True
https://www.rooftopdigital.com,True
https://www.roq.ad/,True
https://www.roundsky.com,True
https://www.rrd.com,True
https://www.sabio.inc/,True
https://www.salutarydata.com,True
https://www.samba.tv/,True
https://www.sbfe.org,True
https://www.sbinsights.paynetonline.com/why-register/,False
https://www.scanbuy.com/,True
https://www.seamless.ai,True
https://www.searchpublicrecords.com,True
https://www.seekout.com/,True
https://www.semasio.com,True
https://www.semcasting.com/,True
https://www.sharelocalmedia.com,True
https://www.sharethrough.com/,True
https://www.sheerid.com/,True
https://www.similarweb.com/,True
https://www.simiocloud.com,True
https://www.siteimpact.com,True
https://www.slashdotmedia.com,True
https://www.smartmove.us,True
https://www.sms-inc.com,True
https://www.snov.io,True
https://www.socialcatfish.com,True
https://www.socialgist.com,True
https://www.sourcepathdigital.com/,True
https://www.sovrn.com/,True
https://www.speedeondata.com,True
https://www.spokeo.com,True
https://www.spyfly.com,True
https://www.stackadapt.com,True
https://www.start.io/,True
https://www.statara.com,True
https://www.statsocial.com,True
https://www.steppingblocks.com/,True
https://www.sterling.ai,True
https://www.stirista.com/,True
https://www.swoop.com/,True
https://www.swordfish.ai,False
https://www.t-mobile.com/advertising-solutions,True
https://www.taboola.com/,True
https://www.tapad.com,True
https://www.targetsmart.com/,True
https://www.teamdms.com,True
https://www.techtarget.com/,True
https://www.telesign.com/,True
https://www.terminus.com,True
https://www.thebridgecorp.com/,True
https://www.thedatagroup.com,True
https://www.thedatatrust.com,True
https://www.theorg.com/,False
https://www.theswarm.com/,True
https://www.theworknumber.com/,True
https://www.thinkdatagroup.com,True
https://www.thomsonreuters.com,True
https://www.throtle.io,True
https://www.transunion.com,True
https://www.trestleiq.com/,True
https://www.triplelift.com/,True
https://www.trueblueanalytics.org/,True
https://www.truedata.co,True
https://www.trueopulence.com/,True
https://www.truepeoplesearch.com,True
https://www.truthfinder.com,True
https://www.tunnldata.com,True
https://www.unacast.com/,True
https://www.unearthcampaigns.com,True
https://www.unmask.com/,True
https://www.uplead.com,True
https://www.upscapital.com/,True
https://www.usadata.com,True
https://www.usdatacorporation.com,True
https://www.usmarketinggrp.com/,True
https://www.uspeoplesearch.com/,True
https://www.veeva.com/,True
https://www.vendelux.com/,True
https://www.venntel.com/,True
https://www.venpath.net,True
https://www.ventiveiq.com,True
https://www.veraset.com,True
https://www.versium.com/,True
https://www.viantinc.com,True
https://www.videoamp.com,True
https://www.visitiq.io,True
https://www.vistarmedia.com,True
https://www.visualvisitor.com/,True
https://www.vrtcal.com,True
https://www.warmly.ai/,True
https://www.wealthfeed.com,True
https://www.webbula.com,True
https://www.weinform.org,True
https://www.whitepages.com,True
https://www.windfall.com,True
https://www.winrdata.com/,True
https://www.wunderkind.co/,True
https://www.xcelerated.com,True
https://www.zetaglobal.com,True
https://www.ziffdavis.com/,True
https://www.zs.com,True

